{
  "irctc_credentials": {
    "user_name": "your_username",
    "password": "your_password"
  },
  "journey_details": {
    "from": "BWN-BARDDHAMAN JN",
    "destination": "KAN-KHANA JN",
    "date": "21-06-2025",
    "class": "2S",
    "quota": "GN",
    "train-no": "53047"
  },
  "travel_preferences": {
    "AvailabilityCheck": "A",
    "travelInsuranceOpted": "yes",
    "prefcoach": "",
    "reservationchoice": ""
  },
  "other_preferences": {
    "autoCaptcha": true,
    "paymentmethod": "PAYTMUPI",
    "mobileNumber": "919999999999"
  },
  "passenger_details": [
    {
      "name": "Snju",
      "age": "26",
      "gender": "M",
      "berth": "",
      "food": "",
      "passengerchildberth": false
    }
  ],
  "infant_details": []
} 